Merchant_ID,Name,Email,Phone,City
1,Ford and Sons,rebeccamoody@wilson.com,9657467556,Miami
2,"Anderson, Gould and Wang",thomasashley@klein-thomas.biz,9190437975,Miami
3,Carter-Rodriguez,sampsonmatthew@fisher.com,4628468360,Chicago
4,"Frost, Rodriguez and Hodge",richardwalker@carson.com,4369505873,Seattle
5,"Cox, Skinner and Griffith",heather57@gallagher.biz,7248885733,Atlanta
6,"Rivera, Schwartz and Strong",pross@alvarez.com,0602022767,New York
7,Perry and Sons,gregory45@anderson.biz,0846723287,Atlanta
8,Watson-Anderson,vowens@stokes.net,1341585190,Denver
9,Clark-Villegas,xarnold@johnson.info,7214428076,Atlanta
10,"Santos, Robinson and White",dhernandez@roberts.com,8112599742,Houston
11,Phillips Inc,adamsmargaret@acevedo.com,0278055883,Denver
12,Robinson-Mayo,angela10@ball.com,9171651073,Los Angeles
13,Dunn Inc,jstephens@parks.com,5924703779,Seattle
14,Petersen Inc,ubarnes@harris.com,7946243094,Boston
15,Hines-Garza,david18@stout.biz,5700815841,Atlanta
16,"Reid, Wilson and Larsen",sherrygeorge@lamb.com,7120099060,Denver
17,"Bryant, Carter and Shepherd",traceyoneal@myers.com,6155145545,Dallas
18,Perez Group,michelle11@collins-patterson.biz,0802361558,Denver
19,"Thomas, Patton and Atkins",franksanchez@schneider-harper.com,5621195315,Houston
20,Long-Bentley,hansonryan@jordan.com,3840733756,Chicago
21,Parker Group,idelgado@fisher-thomas.com,1690319139,Miami
22,"Travis, Thomas and Miller",xconley@reyes.com,0190288734,Denver
23,"Sanders, Smith and Myers",coopercrystal@crawford-mendez.biz,3160269757,Chicago
24,Huynh-Dickson,grahammichelle@rogers-wood.com,6214341141,Boston
25,Thomas Group,janehernandez@mckay.org,4003936775,New York
26,"Stevenson, Johnson and Snyder",ronaldrowland@elliott-osborne.com,2728470932,Atlanta
27,"Frederick, Guerra and Kelley",hendersonjonathan@gamble.com,0944929889,Los Angeles
28,"Long, Clements and Chen",lstephens@sanchez-jones.com,1542084473,Los Angeles
29,Lee-Jarvis,angelachandler@davenport-russell.biz,6086894058,Atlanta
30,Jones-Higgins,xdillon@white-yoder.com,8655636294,Chicago
31,Moore Group,daniel23@marks-martin.biz,0833597422,Houston
32,Moore Group,donnahansen@smith.com,9085589689,Boston
33,"Fuller, Greene and White",riosjustin@jenkins.com,7783135167,Dallas
34,"Johnson, Stone and Hale",ogriffith@gutierrez-montgomery.com,2695573820,Denver
35,Moore Ltd,brett70@williams.org,4788893271,Seattle
36,Cox-Holt,jennifer68@johnson-campos.com,5341736961,Seattle
37,"Robbins, Wagner and Walters",kaitlynacosta@petty.info,9625542082,Chicago
38,"Bonilla, Miles and Bryant",martinezmercedes@green.biz,2159279482,Boston
39,"Ellis, Rodriguez and Martinez",scase@williamson.com,4801287361,Miami
40,Ford LLC,mariasanford@hutchinson-anderson.net,8451787440,Denver
41,"Padilla, Whitney and Duran",wendyreeves@smith.com,6706923358,Dallas
42,"Lee, Allen and Dixon",washingtonchristine@farley-martinez.com,0414804387,New York
43,Roberts-Jones,thomasleblanc@lowery.info,8465015882,Chicago
44,Watkins and Sons,lisablack@ramos-thompson.com,6043048161,Chicago
45,Caldwell LLC,matthewburgess@small-gonzalez.com,7675374053,Miami
46,Harris-Wilson,wjoseph@kim-carroll.info,3488569744,Boston
47,Jones-Jarvis,dawn15@kirby.info,7700323476,Boston
48,Schmidt PLC,veronica30@scott.com,2286562802,Chicago
49,"Schaefer, Curtis and Kent",gilbertandrew@patterson-barrett.com,8330038974,Chicago
50,Morris Group,kellydavid@james.net,6101385699,Chicago
51,Duran-Stanley,maryhall@brown.com,6276383722,Denver
52,Campbell-Gates,jamesbaxter@tran.org,0117981845,Seattle
53,Nelson Group,bstevenson@burnett.com,0573058374,Los Angeles
54,Wagner Group,alexhernandez@gibbs.com,4076590852,Denver
55,Juarez PLC,fdavis@patton.com,3768489598,Houston
56,Forbes-Martinez,betty44@rodriguez.org,6810440100,Los Angeles
57,Wilson-Carlson,leslie71@castillo.biz,6561558990,New York
58,"Hooper, Glass and Lawson",smallstacey@richmond.com,2304064856,Dallas
59,"Jones, Irwin and Ramirez",pamelaoneal@watson.com,6861860604,Dallas
60,Smith PLC,grantbradford@castro.info,4606929634,Miami
61,Martinez-Perez,pattersondarrell@bartlett-foster.com,9067799537,Chicago
62,Preston-Fitzgerald,zsmith@bolton-christian.com,7635718147,Denver
63,"Morris, Harris and Miller",heatherreed@nelson.com,4183353590,Houston
64,Cummings-Leblanc,ejohnson@stout.org,4827057107,Boston
65,"Thompson, Baker and Cook",adamsdaniel@valenzuela-vasquez.com,0910995271,Miami
66,Melendez and Sons,pierceronald@jimenez.com,7186647638,Dallas
67,Allen-Smith,joshua61@carroll.info,0210090215,Houston
68,Price Inc,gmoran@rodriguez-barajas.net,6752206896,New York
69,"West, Berger and White",uhancock@sutton.biz,0341221299,Boston
70,Gallagher-Ward,jared47@johnson.com,7577852366,Seattle
71,"Rojas, Phillips and Arnold",lcochran@hampton-campos.org,1742818156,Houston
72,"Foster, Moore and Miller",paigetaylor@hoffman-todd.com,3039895099,Houston
73,"Davis, Bennett and Harris",xthompson@shields.com,3329630123,Dallas
74,Baker-Frost,anthony44@williams.com,7580430206,Houston
75,Watson-Roy,richard98@johnson.biz,7614512661,Denver
76,Edwards Group,jamescrystal@barr.com,8113062825,Seattle
77,"Peterson, Hernandez and Gould",yangapril@cooley.net,4148858633,Seattle
78,Ferguson-Atkinson,zmorales@contreras.biz,7604235213,Boston
79,White Ltd,cartersuzanne@hernandez.biz,0656724463,New York
80,Rodriguez PLC,jadeyoung@dawson-ford.net,5269537688,Miami
81,West Group,carrillojessica@riggs-allen.com,7664530906,Miami
82,"Torres, Martinez and Martinez",moyerapril@woods.com,7569856295,Houston
83,Ewing-Hughes,sheliaparrish@drake.com,7462187624,Los Angeles
84,Jones and Sons,bwilliams@ramirez.org,7801267658,New York
85,"Rivera, Johnson and Orr",omiller@palmer.biz,8180809588,Miami
86,"Torres, Hayes and Harris",tbyrd@shepard-fox.com,5634233343,Atlanta
87,"Carter, Norton and Key",owalter@johnston.net,1137963895,Denver
88,"Graham, Turner and Estrada",jessicagilbert@bennett.com,0476272988,Atlanta
89,Jackson-Flores,andrew43@ray.com,5998359869,Chicago
90,Young Ltd,dnguyen@pham.com,3989903382,Atlanta
91,Gentry Ltd,hayeserin@estrada.net,7181930726,Los Angeles
92,Garcia-Lynch,johnsongarrett@lewis.com,0725723981,Houston
93,"Singh, Gibbs and Yoder",christie93@schneider.com,7597392926,Houston
94,"Robinson, Ross and Marshall",chernandez@hayes-holmes.com,9329240951,Chicago
95,"Parker, Holmes and Mckee",qboyd@montes-nelson.net,1736219597,Chicago
96,Griffin-Rice,annette09@wilkins-day.biz,7647928851,Boston
97,Johnson and Sons,debbie04@burton.com,5762591161,Miami
98,Cruz Group,brittany41@cooley.com,2477317618,Miami
99,"Owens, Johnson and Rojas",owoods@larson.biz,8695138584,Denver
100,"Joyce, Watkins and Wilson",robert35@quinn-brown.com,0492469844,Atlanta
101,"Wu, Hunt and Tran",robert63@wilson.com,1999329516,Houston
102,Porter LLC,susanmartin@martin.com,6689034877,New York
103,"Martinez, Turner and Bennett",mariawhite@ballard-andrade.com,3972255321,Dallas
104,Warner PLC,jason57@carroll-pearson.biz,3524734798,Chicago
105,Hunter PLC,mmitchell@reynolds-mcdonald.info,4220182962,Miami
106,Wiggins PLC,xthornton@rowe-davis.com,4462568622,Denver
107,Chapman LLC,johnsonkayla@rivera.com,0745575624,Dallas
108,"Reyes, Hayes and Rios",kristin10@fox.org,3887201493,Miami
109,Kidd PLC,nicholas96@castro-bird.org,2043663064,Seattle
110,Conley LLC,qpeterson@preston.com,4488004747,Boston
111,"Stokes, Moreno and Smith",dreed@church.com,8081302060,Denver
112,Reyes PLC,williamvaldez@carter.com,2591076043,Los Angeles
113,Escobar-Harper,huberrussell@guzman-cole.com,3046800216,Boston
114,"Sloan, Walker and Thomas",olsondaniel@tapia-cross.info,2559148790,Houston
115,Miller LLC,zwillis@sanchez.com,9736898258,Seattle
116,Odonnell LLC,kellydebra@day-harvey.com,9348318638,Atlanta
117,"Ford, Hernandez and Vazquez",jacqueline95@evans-barker.info,3954795989,Dallas
118,"Hardy, Mason and Rose",shawnarnold@ross.com,3276068016,Chicago
119,"Freeman, Smith and Cooper",victor38@hutchinson.biz,0043554329,Atlanta
120,Mosley-Brown,adamstracy@sanders-ramirez.com,5270879227,Dallas
121,Parker-Flores,johnsontara@wood.biz,5749018734,Dallas
122,Sexton-Hernandez,hannah52@allen.biz,2955336455,Boston
123,"Mcdonald, Donovan and Ritter",willielove@murray.com,1388615531,New York
124,Schmidt LLC,vmontgomery@johnson-white.com,8245469760,Seattle
125,"Duncan, Brewer and Miller",jordansarah@martinez.org,1124255407,Miami
126,Rogers-Keller,samantha80@lee-king.com,6941930950,Boston
127,Wilson PLC,kellyteresa@jackson.com,1200189236,Seattle
128,Sanders-Williams,mark61@french.net,3981546907,Miami
129,Webb-Paul,cboyle@coffey.biz,5014484014,Denver
130,Rose-Gilbert,hartashley@bailey-ray.biz,5394370178,Miami
131,Jackson PLC,cunninghamjordan@nixon.com,4970911321,Dallas
132,"Stephens, Krueger and Le",clarkcasey@arnold.com,1916807984,Boston
133,Murray-Jones,mark44@miller.net,2632137643,Miami
134,Patterson Group,davisrobert@cervantes-dennis.com,8353019306,Seattle
135,"Holland, Reed and Reeves",danielsanders@ramos-sims.com,6620736966,Dallas
136,Edwards-Smith,michaelyates@harris.net,7385310465,Seattle
137,"White, Young and Marks",knguyen@morris.com,4680795737,Dallas
138,Perez Inc,brian09@wilson.com,5766623924,Seattle
139,"White, Wright and Austin",whitney02@lewis-cunningham.info,2032496481,Los Angeles
140,"Carpenter, Williams and Garcia",judygonzalez@johnson-barry.com,4144487916,Houston
141,Casey-Pham,ccunningham@murphy.net,7648749521,Dallas
142,Rodriguez-Floyd,jeffrey56@jackson.com,8690406463,Denver
143,Thompson Ltd,denisesmith@reynolds.biz,5778213293,Chicago
144,Riley LLC,antonioanderson@haynes.com,2813238413,Houston
145,Stephenson-Chang,millertrevor@kelly-little.com,1075883852,Atlanta
146,Wheeler-Graves,davidguerra@king.org,3162791192,Atlanta
147,Wright-Thomas,tbriggs@zimmerman.com,0797756375,Dallas
148,White and Sons,haileyhawkins@johnston-chavez.info,8537783248,New York
149,Humphrey-Leon,vwallace@curtis.info,9715521489,Dallas
150,"Williams, Hall and Joseph",cturner@raymond.com,3988779949,Atlanta
151,Lopez LLC,raymondburns@wong.org,6071803385,New York
152,Kaufman-Jacobs,ylawson@elliott.biz,7522332620,Miami
153,"Clark, Mack and Mccarthy",jhill@washington.com,9248450039,Dallas
154,"White, Richardson and Mcdonald",aguilaremily@allen.com,9476087403,Seattle
155,"Austin, Blankenship and Parker",myerstina@hubbard-davis.com,0435176964,Seattle
156,"Martinez, Chandler and Stevens",chad68@lambert-davis.com,8819945991,Dallas
157,Barnes-Garcia,anthony58@knapp.info,7855648997,Denver
158,"Duncan, Andrews and Montgomery",ejones@young.info,7755622107,New York
159,James-Johnson,audrey66@vincent.net,4315554204,Los Angeles
160,"Murphy, Brown and Taylor",ramossteven@davis.com,3432497962,Seattle
161,"Hernandez, Dixon and Huang",vasquezcarrie@jones.org,3545750594,Boston
162,"Smith, Thomas and French",luis83@stevens-jordan.com,4986616860,Atlanta
163,Brown-King,lthomas@holland.com,6430530092,Houston
164,Calderon-Austin,cthompson@owens-stevens.com,2644871101,Seattle
165,Graham Group,cwilson@murphy.com,2988660179,Denver
166,Barr PLC,craig75@barnett.info,0063402994,Los Angeles
167,Ewing Group,clee@johnson.com,9701389610,Dallas
168,"Hawkins, Benson and Snyder",theresa87@zamora.com,6902266070,Miami
169,"Davidson, Morris and Day",powellcorey@adams-craig.org,9580877468,Boston
170,Lopez-Reid,kelleyjennifer@hernandez.com,3357949904,Seattle
171,Morris LLC,mikeschwartz@miller.net,2844340092,Seattle
172,Donaldson-Gonzalez,santanalaurie@ross-adkins.org,2126739494,Houston
173,Solomon-Anderson,kallen@evans.com,7654130176,Boston
174,"Hernandez, Lindsey and Smith",zacharyatkinson@lopez.com,5032646813,Atlanta
175,Mccarty-White,jennifercollins@hood-west.com,3169325819,New York
176,Thornton PLC,brandtsara@morales.com,4821522711,Denver
177,Klein-Ellis,juliamartinez@woods-watkins.com,5600517817,Atlanta
178,Christian LLC,wagnerjames@miller.com,0181564531,Houston
179,"Morrow, Bryant and Walton",laurenparker@sherman.info,6558855429,Boston
180,"Sanchez, Lawrence and Wilson",richard54@mcfarland.com,5692946263,Miami
181,Lara-Long,castanedacourtney@flores.com,7610272734,Los Angeles
182,"Scott, Palmer and Casey",amanda33@rodgers-payne.com,2419375745,Seattle
183,"Martin, Jones and Mitchell",robertgarza@wright.com,7326647637,Miami
184,"Wolf, Perez and Rodriguez",aprilware@hernandez.com,0427031598,New York
185,Bailey PLC,catherinecantu@romero.org,8485317364,Houston
186,Monroe Group,kyleellis@lawrence.com,5659351164,Miami
187,"Walter, Smith and Willis",ginacordova@murphy-miller.org,5133226984,Dallas
188,"Rios, Bray and Daniel",xwiley@hamilton-fisher.com,6952253643,Dallas
189,"Kim, Reynolds and Burgess",huntersarah@weber.info,8542194488,Boston
190,Miller-Harris,stanleymichael@zamora.org,6643744534,Seattle
191,Tran Ltd,vickimoore@jones.org,7771460884,Denver
192,Alexander Ltd,leecarlos@wells.net,2449140422,Boston
193,"Williams, Nixon and Cummings",navarropatricia@adams.biz,9435005213,Miami
194,"Hodges, Donovan and Barker",manningcheryl@johnson-underwood.com,6880797232,Atlanta
195,Lewis Group,loganjames@lynch.com,7359061065,Boston
196,Thomas-Shelton,glopez@washington.com,5775919441,Denver
197,Ryan-Mitchell,mflores@park-bentley.com,8842080474,Miami
198,Boyd PLC,sdavis@carroll.biz,2855324379,Dallas
199,"English, Taylor and Chaney",xbarnett@hampton-thompson.info,4415825676,Denver
200,"Woods, Jones and Cox",madison45@meyers.org,8381383119,Los Angeles
201,"Mckenzie, Guerrero and Mayer",nelsonsandra@solis-fitzpatrick.com,0526726076,Chicago
202,"Ruiz, Rush and Cordova",smiller@rodriguez-lindsey.biz,1150497379,Houston
203,Klein-Nunez,michael61@chan-holmes.com,3137129795,Boston
204,"Ellison, Aguilar and Baker",joshuamorris@gordon-holmes.org,5117491512,Dallas
205,"Alexander, Miller and Harper",osantos@gonzalez.com,9900827127,Chicago
206,Calhoun Group,nicholaswashington@carson-morgan.net,5296743867,Miami
207,"Rice, Walker and Lee",patriciathompson@martin.com,5541128313,Chicago
208,Jackson-Evans,markgarza@rivas.net,8824564660,Atlanta
209,Curtis LLC,nicholas71@ortega.com,9981132774,Los Angeles
210,Ruiz-Gregory,kathleen00@griffin.net,2623665106,Seattle
211,Garza-Jones,nguyendaniel@duncan.biz,7604976439,Seattle
212,Harper-Jackson,jordanrebecca@daniels.com,9514672671,Atlanta
213,"Reed, Walsh and Wood",jbranch@johnson.com,0605876877,Dallas
214,Williams and Sons,jamesbaird@davis.org,8545657189,Boston
215,Tran Inc,joseph68@leach.info,3038432469,New York
216,"Serrano, Gilmore and Grimes",erinmartinez@mccormick.com,7227169876,Dallas
217,Watts-Lam,jessica39@weaver.info,4597306419,Houston
218,Chambers Ltd,moraleskatie@fox-gilmore.com,9853207375,New York
219,Martin-Cuevas,murrayjohnny@keller.com,5453740183,Boston
220,Phillips-French,christinagonzalez@anderson.org,4291212223,Boston
221,"Hood, Melendez and Gross",stuart54@beard-moore.com,1089356024,New York
222,Smith and Sons,bkelley@bonilla-martin.com,0145230754,Dallas
223,"Reed, Lynch and Avila",bowersmonica@hines.info,5218147614,New York
224,Hayes and Sons,susantaylor@kennedy.net,3784164445,Seattle
225,Jackson-Kelly,scain@bender.com,6744606977,Seattle
226,Sharp Group,yoderdavid@martin.org,2189306952,Houston
227,Norris-Wyatt,rbenjamin@hansen.info,2302424175,Dallas
228,Allen-Austin,dmedina@doyle-flores.biz,9816020914,Dallas
229,Sanchez Ltd,petersonpaul@walker-jackson.com,1868256609,Chicago
230,"Davis, Reese and Davis",ycook@benson.com,0356214548,Seattle
231,Hernandez LLC,sanchezmichelle@evans.org,2853122527,Miami
232,"Graves, Carpenter and Edwards",williamssarah@bowers-mitchell.com,2674204715,New York
233,"Robinson, Vaughn and Gonzalez",dalexander@gray-holmes.com,9314171326,Seattle
234,"Ryan, Howell and Cruz",ryanjones@hill-reid.com,6433961784,Chicago
235,Oneal-Mccarthy,jonesdonald@henderson.com,1377848585,Dallas
236,"Figueroa, Johnson and Coleman",dylan82@garcia.com,0829853788,Boston
237,Sandoval PLC,jessicaparsons@wright-norris.org,2631472500,Boston
238,"Harper, Schmidt and Weiss",sonya33@porter-robinson.com,9281406142,Miami
239,"Howard, Watson and Davis",robert82@moore.com,9910877847,New York
240,Castillo PLC,lauraharrison@garcia.net,1986352656,Dallas
241,Bennett-Graham,ihester@barnes.com,6700849456,Boston
242,Alexander LLC,lucasgrace@shaw-smith.com,3493769976,Miami
243,Wilson and Sons,taylorsara@lewis.info,3717473085,Boston
244,"Blair, Nichols and Brock",harrisarthur@page.com,6280557996,Boston
245,Mcdaniel Group,rasmussenanna@esparza.com,2859385731,Denver
246,Hopkins-Parks,benjamin26@ayers.com,3932729405,Chicago
247,Miller Ltd,pamela99@cruz.info,5486820256,Seattle
248,"Moore, Jones and Martinez",dawn63@cruz.com,9577593804,Los Angeles
249,Wallace LLC,wpalmer@hunter.com,8713337861,Boston
250,Jones PLC,leonanthony@harris-gutierrez.com,5256135149,Dallas
251,"Mccullough, Hall and Mays",dicksonpaige@allen.info,4802379437,Seattle
252,Ryan-Dickerson,jenniferhowell@thornton-smith.com,7026085986,Seattle
253,White-Thompson,warddawn@morrison.com,5060690541,Miami
254,Cannon Inc,kendra31@nelson.biz,5790663744,Miami
255,Harrison-Best,romerolisa@holmes.com,7692388527,Los Angeles
256,Waters Ltd,huntjeffrey@hansen-brewer.com,4512493629,Seattle
257,"Campbell, Rasmussen and Garcia",smithlisa@pugh-brown.com,4317029040,Boston
258,Patterson LLC,seanfischer@sanchez.com,7550340037,Seattle
259,Griffith Inc,amanda16@hill.org,2081358647,Denver
260,"Scott, Gardner and Dennis",yferrell@anderson.com,8605743773,New York
261,Torres-Garner,kevinlawson@harrison.com,1984845877,Boston
262,"Scott, Miller and Daugherty",jerry77@valdez-roach.com,1739029639,Boston
263,"Mckay, Mason and Johnson",theresa90@hernandez.com,7168979881,Houston
264,Evans-Carr,ivanjohnson@howard-hill.com,2048019375,Seattle
265,Horn LLC,vcook@allen.com,2145529230,Dallas
266,"Rivera, Walker and Church",victoria93@martin-king.com,8295150811,Dallas
267,Mccoy-Scott,martinezashley@hooper.com,5188290240,New York
268,Ware-Cox,elijahwhite@daniels.com,2742276060,Dallas
269,"Boone, Archer and Roman",gonzalesmarc@taylor-ramos.info,5156953184,Boston
270,"Walker, Miller and Hawkins",mary15@lewis.biz,4993400135,Chicago
271,"Russo, Smith and Stout",egordon@moore.info,9733946908,Houston
272,Robinson PLC,ureilly@odonnell-chapman.com,1205044527,Dallas
273,"Cox, Osborne and Reyes",alexisobrien@duncan-stevens.biz,2380715730,Boston
274,"Moore, Buchanan and Johnson",jamesfinley@green-andrews.com,8309012696,Atlanta
275,Garcia-Martinez,robinnicholson@webb.com,2507884783,New York
276,Jacobs-Reeves,woodjoel@conner.com,5123769838,Atlanta
277,Rios-Gray,torresjohn@fuentes-nolan.com,0715261347,New York
278,"Berg, Spencer and Walker",osnyder@nash.biz,9374803584,Miami
279,"Fields, Russell and Rosario",hendersonlaura@mann.org,7056032393,Chicago
280,"Johnson, Gonzalez and Santos",bray@curtis.info,9503145464,Chicago
281,Benson-Jones,gail45@robertson.org,2313084973,Miami
282,Anderson Inc,tyler90@cook.biz,1861959646,Dallas
283,"Valdez, Spencer and Silva",craigmontoya@michael.com,0600535459,New York
284,"Russell, Hall and Thomas",sandersyvette@smith.org,8122347523,Miami
285,"Ross, Lee and Green",gutierrezdavid@white.com,2985676851,Seattle
286,"White, Ortiz and Smith",uthomas@dennis.biz,8988227654,Los Angeles
287,Chapman-Snow,ecosta@stein.com,2518839808,Seattle
288,Gibson-Riggs,michael79@perez.com,0568533649,Miami
289,"Rodriguez, Davila and Spencer",sanchezmichelle@erickson.com,5235684438,Boston
290,Clark-Norman,pleonard@king-wall.com,5612678642,Dallas
291,Weber-Rios,shirley46@reeves.com,6045254382,Atlanta
292,Gonzales-Mclaughlin,joy62@downs.info,7781229633,Dallas
293,Mitchell-Davis,davischristopher@warren.com,8551945382,Chicago
294,Ramos Inc,denise95@matthews.com,9076866285,Seattle
295,"Scott, Watkins and Kennedy",matthew40@schneider.biz,0301913594,Chicago
296,Murphy-Adams,mathewsedward@odonnell.info,0467862936,Seattle
297,"Kim, Campbell and Werner",woodholly@riley-schroeder.info,6374624370,New York
298,Rivera Group,sherryperkins@knight.info,2084675211,Atlanta
299,Morgan-Davis,wilkinsanthony@wilson.com,2141924233,Miami
300,"Harris, Massey and Jimenez",derek80@stanton-cox.com,0314171220,Boston
